geoName	geoCode	term	interest
Abilene-Sweetwater TX	662	police brutality	41
Albany GA	525	police brutality	73
Albany-Schenectady-Troy NY	532	police brutality	58
Albuquerque-Santa Fe NM	790	police brutality	49
Alexandria LA	644	police brutality	48
Alpena MI	583	police brutality	63
Amarillo TX	634	police brutality	47
Anchorage AK	743	police brutality	42
Atlanta GA	524	police brutality	60
Augusta GA	520	police brutality	61
Austin TX	635	police brutality	61
Bakersfield CA	800	police brutality	65
Baltimore MD	512	police brutality	82
Bangor ME	537	police brutality	48
Baton Rouge LA	716	police brutality	65
Beaumont-Port Arthur TX	692	police brutality	49
Bend OR	821	police brutality	51
Billings, MT	756	police brutality	35
Biloxi-Gulfport MS	746	police brutality	46
Binghamton NY	502	police brutality	71
Birmingham AL	630	police brutality	48
Bluefield-Beckley-Oak Hill WV	559	police brutality	45
Boise ID	757	police brutality	46
Boston MA-Manchester NH	506	police brutality	67
Bowling Green KY	736	police brutality	49
Buffalo NY	514	police brutality	69
Burlington VT-Plattsburgh NY	523	police brutality	64
Butte-Bozeman MT	754	police brutality	47
Casper-Riverton WY	767	police brutality	49
Cedar Rapids-Waterloo-Iowa City & Dubuque IA	637	police brutality	58
Champaign & Springfield-Decatur IL	648	police brutality	69
Charleston SC	519	police brutality	53
Charleston-Huntington WV	564	police brutality	44
Charlotte NC	517	police brutality	60
Charlottesville VA	584	police brutality	60
Chattanooga TN	575	police brutality	47
Cheyenne WY-Scottsbluff NE	759	police brutality	49
Chicago IL	602	police brutality	73
Chico-Redding CA	868	police brutality	61
Cincinnati OH	515	police brutality	48
Clarksburg-Weston WV	598	police brutality	57
Cleveland-Akron (Canton) OH	510	police brutality	54
Colorado Springs-Pueblo CO	752	police brutality	59
Columbia SC	546	police brutality	74
Columbia-Jefferson City MO	604	police brutality	66
Columbus GA	522	police brutality	71
Columbus OH	535	police brutality	60
Columbus-Tupelo-West Point MS	673	police brutality	42
Corpus Christi TX	600	police brutality	52
Dallas-Ft. Worth TX	623	police brutality	55
Davenport IA-Rock Island-Moline IL	682	police brutality	53
Dayton OH	542	police brutality	57
Denver CO	751	police brutality	66
Des Moines-Ames IA	679	police brutality	53
Detroit MI	505	police brutality	67
Dothan AL	606	police brutality	50
Duluth MN-Superior WI	676	police brutality	51
El Paso TX	765	police brutality	63
Elmira NY	565	police brutality	67
Erie PA	516	police brutality	56
Eugene OR	801	police brutality	62
Eureka CA	802	police brutality	74
Evansville IN	649	police brutality	48
Fairbanks AK	745	police brutality	48
Fargo-Valley City ND	724	police brutality	52
Flint-Saginaw-Bay City MI	513	police brutality	58
Florence-Myrtle Beach SC	570	police brutality	58
Fresno-Visalia CA	866	police brutality	67
Ft. Myers-Naples FL	571	police brutality	40
Ft. Smith-Fayetteville-Springdale-Rogers AR	670	police brutality	54
Ft. Wayne IN	509	police brutality	54
Gainesville FL	592	police brutality	66
Glendive MT	798	police brutality	0
Grand Junction-Montrose CO	773	police brutality	57
Grand Rapids-Kalamazoo-Battle Creek MI	563	police brutality	56
Great Falls MT	755	police brutality	35
Green Bay-Appleton WI	658	police brutality	52
Greensboro-High Point-Winston Salem NC	518	police brutality	66
Greenville-New Bern-Washington NC	545	police brutality	62
Greenville-Spartanburg SC-Asheville NC-Anderson SC	567	police brutality	46
Greenwood-Greenville MS	647	police brutality	79
Harlingen-Weslaco-Brownsville-McAllen TX	636	police brutality	47
Harrisburg-Lancaster-Lebanon-York PA	566	police brutality	48
Harrisonburg VA	569	police brutality	71
Hartford & New Haven CT	533	police brutality	78
Hattiesburg-Laurel MS	710	police brutality	67
Helena MT	766	police brutality	36
Honolulu HI	744	police brutality	54
Houston TX	618	police brutality	55
Huntsville-Decatur (Florence) AL	691	police brutality	44
Idaho Falls-Pocatello ID	758	police brutality	51
Indianapolis IN	527	police brutality	61
Jackson MS	718	police brutality	74
Jackson TN	639	police brutality	52
Jacksonville FL	561	police brutality	45
Johnstown-Altoona PA	574	police brutality	56
Jonesboro AR	734	police brutality	62
Joplin MO-Pittsburg KS	603	police brutality	52
Juneau AK	747	police brutality	49
Kansas City MO	616	police brutality	58
Knoxville TN	557	police brutality	39
La Crosse-Eau Claire WI	702	police brutality	53
Lafayette IN	582	police brutality	65
Lafayette LA	642	police brutality	55
Lake Charles LA	643	police brutality	49
Lansing MI	551	police brutality	62
Laredo TX	749	police brutality	47
Las Vegas NV	839	police brutality	54
Lexington KY	541	police brutality	50
Lima OH	558	police brutality	50
Lincoln & Hastings-Kearney NE	722	police brutality	60
Little Rock-Pine Bluff AR	693	police brutality	57
Los Angeles CA	803	police brutality	75
Louisville KY	529	police brutality	52
Lubbock TX	651	police brutality	42
Macon GA	503	police brutality	61
Madison WI	669	police brutality	55
Mankato MN	737	police brutality	53
Marquette MI	553	police brutality	53
Medford-Klamath Falls OR	813	police brutality	51
Memphis TN	640	police brutality	63
Meridian MS	711	police brutality	72
Miami-Ft. Lauderdale FL	528	police brutality	53
Milwaukee WI	617	police brutality	62
Minneapolis-St. Paul MN	613	police brutality	64
Minot-Bismarck-Dickinson(Williston) ND	687	police brutality	36
Missoula MT	762	police brutality	41
Mobile AL-Pensacola (Ft. Walton Beach) FL	686	police brutality	44
Monroe LA-El Dorado AR	628	police brutality	68
Monterey-Salinas CA	828	police brutality	100
Montgomery (Selma) AL	698	police brutality	74
Nashville TN	659	police brutality	54
New Orleans LA	622	police brutality	51
New York NY	501	police brutality	78
Norfolk-Portsmouth-Newport News VA	544	police brutality	70
North Platte NE	740	police brutality	49
Odessa-Midland TX	633	police brutality	38
Oklahoma City OK	650	police brutality	48
Omaha NE	652	police brutality	50
Orlando-Daytona Beach-Melbourne FL	534	police brutality	50
Ottumwa IA-Kirksville MO	631	police brutality	35
Paducah KY-Cape Girardeau MO-Harrisburg-Mount Vernon IL	632	police brutality	49
Palm Springs CA	804	police brutality	47
Panama City FL	656	police brutality	35
Parkersburg WV	597	police brutality	41
Peoria-Bloomington IL	675	police brutality	62
Philadelphia PA	504	police brutality	71
Phoenix AZ	753	police brutality	57
Pittsburgh PA	508	police brutality	59
Portland OR	820	police brutality	54
Portland-Auburn ME	500	police brutality	58
Presque Isle ME	552	police brutality	46
Providence RI-New Bedford MA	521	police brutality	73
Quincy IL-Hannibal MO-Keokuk IA	717	police brutality	57
Raleigh-Durham (Fayetteville) NC	560	police brutality	70
Rapid City SD	764	police brutality	40
Reno NV	811	police brutality	57
Richmond-Petersburg VA	556	police brutality	67
Roanoke-Lynchburg VA	573	police brutality	37
Rochester MN-Mason City IA-Austin MN	611	police brutality	45
Rochester NY	538	police brutality	70
Rockford IL	610	police brutality	57
Sacramento-Stockton-Modesto CA	862	police brutality	70
Salisbury MD	576	police brutality	66
Salt Lake City UT	770	police brutality	46
San Angelo TX	661	police brutality	56
San Antonio TX	641	police brutality	46
San Diego CA	825	police brutality	67
San Francisco-Oakland-San Jose CA	807	police brutality	77
Santa Barbara-Santa Maria-San Luis Obispo CA	855	police brutality	69
Savannah GA	507	police brutality	62
Seattle-Tacoma WA	819	police brutality	64
Sherman TX-Ada OK	657	police brutality	38
Shreveport LA	612	police brutality	48
Sioux City IA	624	police brutality	53
Sioux Falls(Mitchell) SD	725	police brutality	41
South Bend-Elkhart IN	588	police brutality	51
Spokane WA	881	police brutality	55
Springfield MO	619	police brutality	46
Springfield-Holyoke MA	543	police brutality	89
St. Joseph MO	638	police brutality	45
St. Louis MO	609	police brutality	54
Syracuse NY	555	police brutality	72
Tallahassee FL-Thomasville GA	530	police brutality	91
Tampa-St. Petersburg (Sarasota) FL	539	police brutality	46
Terre Haute IN	581	police brutality	56
Toledo OH	547	police brutality	61
Topeka KS	605	police brutality	65
Traverse City-Cadillac MI	540	police brutality	52
Tri-Cities TN-VA	531	police brutality	41
Tucson (Sierra Vista) AZ	789	police brutality	59
Tulsa OK	671	police brutality	44
Twin Falls ID	760	police brutality	44
Tyler-Longview(Lufkin & Nacogdoches) TX	709	police brutality	46
Utica NY	526	police brutality	74
Victoria TX	626	police brutality	42
Waco-Temple-Bryan TX	625	police brutality	52
Washington DC (Hagerstown MD)	511	police brutality	77
Watertown NY	549	police brutality	73
Wausau-Rhinelander WI	705	police brutality	42
West Palm Beach-Ft. Pierce FL	548	police brutality	45
Wheeling WV-Steubenville OH	554	police brutality	44
Wichita Falls TX & Lawton OK	627	police brutality	45
Wichita-Hutchinson KS	678	police brutality	47
Wilkes Barre-Scranton PA	577	police brutality	51
Wilmington NC	550	police brutality	54
Yakima-Pasco-Richland-Kennewick WA	810	police brutality	59
Youngstown OH	536	police brutality	56
Yuma AZ-El Centro CA	771	police brutality	64
Zanesville OH	596	police brutality	37
Abilene-Sweetwater TX	662	police killings	29
Albany GA	525	police killings	47
Albany-Schenectady-Troy NY	532	police killings	56
Albuquerque-Santa Fe NM	790	police killings	59
Alexandria LA	644	police killings	100
Alpena MI	583	police killings	0
Amarillo TX	634	police killings	44
Anchorage AK	743	police killings	56
Atlanta GA	524	police killings	54
Augusta GA	520	police killings	55
Austin TX	635	police killings	57
Bakersfield CA	800	police killings	53
Baltimore MD	512	police killings	75
Bangor ME	537	police killings	49
Baton Rouge LA	716	police killings	65
Beaumont-Port Arthur TX	692	police killings	60
Bend OR	821	police killings	62
Billings, MT	756	police killings	40
Biloxi-Gulfport MS	746	police killings	37
Binghamton NY	502	police killings	55
Birmingham AL	630	police killings	57
Bluefield-Beckley-Oak Hill WV	559	police killings	0
Boise ID	757	police killings	58
Boston MA-Manchester NH	506	police killings	57
Bowling Green KY	736	police killings	0
Buffalo NY	514	police killings	57
Burlington VT-Plattsburgh NY	523	police killings	60
Butte-Bozeman MT	754	police killings	50
Casper-Riverton WY	767	police killings	0
Cedar Rapids-Waterloo-Iowa City & Dubuque IA	637	police killings	58
Champaign & Springfield-Decatur IL	648	police killings	62
Charleston SC	519	police killings	54
Charleston-Huntington WV	564	police killings	45
Charlotte NC	517	police killings	62
Charlottesville VA	584	police killings	66
Chattanooga TN	575	police killings	53
Cheyenne WY-Scottsbluff NE	759	police killings	0
Chicago IL	602	police killings	53
Chico-Redding CA	868	police killings	88
Cincinnati OH	515	police killings	57
Clarksburg-Weston WV	598	police killings	0
Cleveland-Akron (Canton) OH	510	police killings	56
Colorado Springs-Pueblo CO	752	police killings	73
Columbia SC	546	police killings	60
Columbia-Jefferson City MO	604	police killings	57
Columbus GA	522	police killings	81
Columbus OH	535	police killings	64
Columbus-Tupelo-West Point MS	673	police killings	47
Corpus Christi TX	600	police killings	32
Dallas-Ft. Worth TX	623	police killings	48
Davenport IA-Rock Island-Moline IL	682	police killings	39
Dayton OH	542	police killings	56
Denver CO	751	police killings	56
Des Moines-Ames IA	679	police killings	56
Detroit MI	505	police killings	60
Dothan AL	606	police killings	35
Duluth MN-Superior WI	676	police killings	72
El Paso TX	765	police killings	45
Elmira NY	565	police killings	45
Erie PA	516	police killings	54
Eugene OR	801	police killings	88
Eureka CA	802	police killings	73
Evansville IN	649	police killings	49
Fairbanks AK	745	police killings	83
Fargo-Valley City ND	724	police killings	47
Flint-Saginaw-Bay City MI	513	police killings	64
Florence-Myrtle Beach SC	570	police killings	45
Fresno-Visalia CA	866	police killings	47
Ft. Myers-Naples FL	571	police killings	42
Ft. Smith-Fayetteville-Springdale-Rogers AR	670	police killings	47
Ft. Wayne IN	509	police killings	58
Gainesville FL	592	police killings	45
Glendive MT	798	police killings	0
Grand Junction-Montrose CO	773	police killings	71
Grand Rapids-Kalamazoo-Battle Creek MI	563	police killings	55
Great Falls MT	755	police killings	0
Green Bay-Appleton WI	658	police killings	42
Greensboro-High Point-Winston Salem NC	518	police killings	59
Greenville-New Bern-Washington NC	545	police killings	59
Greenville-Spartanburg SC-Asheville NC-Anderson SC	567	police killings	55
Greenwood-Greenville MS	647	police killings	0
Harlingen-Weslaco-Brownsville-McAllen TX	636	police killings	17
Harrisburg-Lancaster-Lebanon-York PA	566	police killings	56
Harrisonburg VA	569	police killings	51
Hartford & New Haven CT	533	police killings	65
Hattiesburg-Laurel MS	710	police killings	56
Helena MT	766	police killings	0
Honolulu HI	744	police killings	41
Houston TX	618	police killings	46
Huntsville-Decatur (Florence) AL	691	police killings	50
Idaho Falls-Pocatello ID	758	police killings	51
Indianapolis IN	527	police killings	63
Jackson MS	718	police killings	51
Jackson TN	639	police killings	0
Jacksonville FL	561	police killings	44
Johnstown-Altoona PA	574	police killings	48
Jonesboro AR	734	police killings	0
Joplin MO-Pittsburg KS	603	police killings	55
Juneau AK	747	police killings	0
Kansas City MO	616	police killings	59
Knoxville TN	557	police killings	51
La Crosse-Eau Claire WI	702	police killings	55
Lafayette IN	582	police killings	62
Lafayette LA	642	police killings	52
Lake Charles LA	643	police killings	0
Lansing MI	551	police killings	62
Laredo TX	749	police killings	0
Las Vegas NV	839	police killings	55
Lexington KY	541	police killings	51
Lima OH	558	police killings	88
Lincoln & Hastings-Kearney NE	722	police killings	55
Little Rock-Pine Bluff AR	693	police killings	54
Los Angeles CA	803	police killings	54
Louisville KY	529	police killings	58
Lubbock TX	651	police killings	52
Macon GA	503	police killings	58
Madison WI	669	police killings	68
Mankato MN	737	police killings	80
Marquette MI	553	police killings	59
Medford-Klamath Falls OR	813	police killings	67
Memphis TN	640	police killings	67
Meridian MS	711	police killings	0
Miami-Ft. Lauderdale FL	528	police killings	38
Milwaukee WI	617	police killings	57
Minneapolis-St. Paul MN	613	police killings	72
Minot-Bismarck-Dickinson(Williston) ND	687	police killings	43
Missoula MT	762	police killings	55
Mobile AL-Pensacola (Ft. Walton Beach) FL	686	police killings	53
Monroe LA-El Dorado AR	628	police killings	34
Monterey-Salinas CA	828	police killings	73
Montgomery (Selma) AL	698	police killings	58
Nashville TN	659	police killings	56
New Orleans LA	622	police killings	50
New York NY	501	police killings	48
Norfolk-Portsmouth-Newport News VA	544	police killings	65
North Platte NE	740	police killings	0
Odessa-Midland TX	633	police killings	39
Oklahoma City OK	650	police killings	62
Omaha NE	652	police killings	45
Orlando-Daytona Beach-Melbourne FL	534	police killings	44
Ottumwa IA-Kirksville MO	631	police killings	0
Paducah KY-Cape Girardeau MO-Harrisburg-Mount Vernon IL	632	police killings	48
Palm Springs CA	804	police killings	48
Panama City FL	656	police killings	50
Parkersburg WV	597	police killings	0
Peoria-Bloomington IL	675	police killings	64
Philadelphia PA	504	police killings	56
Phoenix AZ	753	police killings	52
Pittsburgh PA	508	police killings	53
Portland OR	820	police killings	65
Portland-Auburn ME	500	police killings	64
Presque Isle ME	552	police killings	0
Providence RI-New Bedford MA	521	police killings	54
Quincy IL-Hannibal MO-Keokuk IA	717	police killings	0
Raleigh-Durham (Fayetteville) NC	560	police killings	62
Rapid City SD	764	police killings	56
Reno NV	811	police killings	66
Richmond-Petersburg VA	556	police killings	76
Roanoke-Lynchburg VA	573	police killings	35
Rochester MN-Mason City IA-Austin MN	611	police killings	33
Rochester NY	538	police killings	54
Rockford IL	610	police killings	62
Sacramento-Stockton-Modesto CA	862	police killings	56
Salisbury MD	576	police killings	64
Salt Lake City UT	770	police killings	56
San Angelo TX	661	police killings	0
San Antonio TX	641	police killings	38
San Diego CA	825	police killings	58
San Francisco-Oakland-San Jose CA	807	police killings	58
Santa Barbara-Santa Maria-San Luis Obispo CA	855	police killings	62
Savannah GA	507	police killings	56
Seattle-Tacoma WA	819	police killings	72
Sherman TX-Ada OK	657	police killings	41
Shreveport LA	612	police killings	73
Sioux City IA	624	police killings	31
Sioux Falls(Mitchell) SD	725	police killings	31
South Bend-Elkhart IN	588	police killings	52
Spokane WA	881	police killings	65
Springfield MO	619	police killings	46
Springfield-Holyoke MA	543	police killings	70
St. Joseph MO	638	police killings	0
St. Louis MO	609	police killings	64
Syracuse NY	555	police killings	69
Tallahassee FL-Thomasville GA	530	police killings	77
Tampa-St. Petersburg (Sarasota) FL	539	police killings	44
Terre Haute IN	581	police killings	0
Toledo OH	547	police killings	50
Topeka KS	605	police killings	69
Traverse City-Cadillac MI	540	police killings	44
Tri-Cities TN-VA	531	police killings	34
Tucson (Sierra Vista) AZ	789	police killings	62
Tulsa OK	671	police killings	59
Twin Falls ID	760	police killings	0
Tyler-Longview(Lufkin & Nacogdoches) TX	709	police killings	44
Utica NY	526	police killings	63
Victoria TX	626	police killings	0
Waco-Temple-Bryan TX	625	police killings	43
Washington DC (Hagerstown MD)	511	police killings	60
Watertown NY	549	police killings	51
Wausau-Rhinelander WI	705	police killings	28
West Palm Beach-Ft. Pierce FL	548	police killings	47
Wheeling WV-Steubenville OH	554	police killings	42
Wichita Falls TX & Lawton OK	627	police killings	66
Wichita-Hutchinson KS	678	police killings	44
Wilkes Barre-Scranton PA	577	police killings	41
Wilmington NC	550	police killings	61
Yakima-Pasco-Richland-Kennewick WA	810	police killings	53
Youngstown OH	536	police killings	32
Yuma AZ-El Centro CA	771	police killings	39
Zanesville OH	596	police killings	0
Abilene-Sweetwater TX	662	defund the police	23
Albany GA	525	defund the police	26
Albany-Schenectady-Troy NY	532	defund the police	40
Albuquerque-Santa Fe NM	790	defund the police	37
Alexandria LA	644	defund the police	22
Alpena MI	583	defund the police	100
Amarillo TX	634	defund the police	32
Anchorage AK	743	defund the police	19
Atlanta GA	524	defund the police	29
Augusta GA	520	defund the police	26
Austin TX	635	defund the police	41
Bakersfield CA	800	defund the police	36
Baltimore MD	512	defund the police	37
Bangor ME	537	defund the police	37
Baton Rouge LA	716	defund the police	28
Beaumont-Port Arthur TX	692	defund the police	34
Bend OR	821	defund the police	38
Billings, MT	756	defund the police	25
Biloxi-Gulfport MS	746	defund the police	25
Binghamton NY	502	defund the police	36
Birmingham AL	630	defund the police	28
Bluefield-Beckley-Oak Hill WV	559	defund the police	33
Boise ID	757	defund the police	35
Boston MA-Manchester NH	506	defund the police	34
Bowling Green KY	736	defund the police	16
Buffalo NY	514	defund the police	40
Burlington VT-Plattsburgh NY	523	defund the police	38
Butte-Bozeman MT	754	defund the police	41
Casper-Riverton WY	767	defund the police	41
Cedar Rapids-Waterloo-Iowa City & Dubuque IA	637	defund the police	36
Champaign & Springfield-Decatur IL	648	defund the police	42
Charleston SC	519	defund the police	33
Charleston-Huntington WV	564	defund the police	29
Charlotte NC	517	defund the police	29
Charlottesville VA	584	defund the police	38
Chattanooga TN	575	defund the police	36
Cheyenne WY-Scottsbluff NE	759	defund the police	18
Chicago IL	602	defund the police	39
Chico-Redding CA	868	defund the police	28
Cincinnati OH	515	defund the police	32
Clarksburg-Weston WV	598	defund the police	27
Cleveland-Akron (Canton) OH	510	defund the police	36
Colorado Springs-Pueblo CO	752	defund the police	36
Columbia SC	546	defund the police	26
Columbia-Jefferson City MO	604	defund the police	29
Columbus GA	522	defund the police	33
Columbus OH	535	defund the police	30
Columbus-Tupelo-West Point MS	673	defund the police	18
Corpus Christi TX	600	defund the police	33
Dallas-Ft. Worth TX	623	defund the police	27
Davenport IA-Rock Island-Moline IL	682	defund the police	45
Dayton OH	542	defund the police	33
Denver CO	751	defund the police	30
Des Moines-Ames IA	679	defund the police	36
Detroit MI	505	defund the police	34
Dothan AL	606	defund the police	25
Duluth MN-Superior WI	676	defund the police	41
El Paso TX	765	defund the police	41
Elmira NY	565	defund the police	33
Erie PA	516	defund the police	33
Eugene OR	801	defund the police	37
Eureka CA	802	defund the police	45
Evansville IN	649	defund the police	31
Fairbanks AK	745	defund the police	20
Fargo-Valley City ND	724	defund the police	33
Flint-Saginaw-Bay City MI	513	defund the police	37
Florence-Myrtle Beach SC	570	defund the police	29
Fresno-Visalia CA	866	defund the police	28
Ft. Myers-Naples FL	571	defund the police	36
Ft. Smith-Fayetteville-Springdale-Rogers AR	670	defund the police	34
Ft. Wayne IN	509	defund the police	35
Gainesville FL	592	defund the police	27
Glendive MT	798	defund the police	0
Grand Junction-Montrose CO	773	defund the police	43
Grand Rapids-Kalamazoo-Battle Creek MI	563	defund the police	37
Great Falls MT	755	defund the police	35
Green Bay-Appleton WI	658	defund the police	37
Greensboro-High Point-Winston Salem NC	518	defund the police	32
Greenville-New Bern-Washington NC	545	defund the police	28
Greenville-Spartanburg SC-Asheville NC-Anderson SC	567	defund the police	36
Greenwood-Greenville MS	647	defund the police	0
Harlingen-Weslaco-Brownsville-McAllen TX	636	defund the police	21
Harrisburg-Lancaster-Lebanon-York PA	566	defund the police	34
Harrisonburg VA	569	defund the police	35
Hartford & New Haven CT	533	defund the police	37
Hattiesburg-Laurel MS	710	defund the police	20
Helena MT	766	defund the police	43
Honolulu HI	744	defund the police	23
Houston TX	618	defund the police	26
Huntsville-Decatur (Florence) AL	691	defund the police	30
Idaho Falls-Pocatello ID	758	defund the police	36
Indianapolis IN	527	defund the police	35
Jackson MS	718	defund the police	26
Jackson TN	639	defund the police	20
Jacksonville FL	561	defund the police	35
Johnstown-Altoona PA	574	defund the police	36
Jonesboro AR	734	defund the police	27
Joplin MO-Pittsburg KS	603	defund the police	39
Juneau AK	747	defund the police	0
Kansas City MO	616	defund the police	32
Knoxville TN	557	defund the police	32
La Crosse-Eau Claire WI	702	defund the police	36
Lafayette IN	582	defund the police	20
Lafayette LA	642	defund the police	26
Lake Charles LA	643	defund the police	16
Lansing MI	551	defund the police	39
Laredo TX	749	defund the police	30
Las Vegas NV	839	defund the police	33
Lexington KY	541	defund the police	31
Lima OH	558	defund the police	24
Lincoln & Hastings-Kearney NE	722	defund the police	30
Little Rock-Pine Bluff AR	693	defund the police	32
Los Angeles CA	803	defund the police	36
Louisville KY	529	defund the police	30
Lubbock TX	651	defund the police	23
Macon GA	503	defund the police	32
Madison WI	669	defund the police	38
Mankato MN	737	defund the police	21
Marquette MI	553	defund the police	42
Medford-Klamath Falls OR	813	defund the police	43
Memphis TN	640	defund the police	30
Meridian MS	711	defund the police	0
Miami-Ft. Lauderdale FL	528	defund the police	28
Milwaukee WI	617	defund the police	45
Minneapolis-St. Paul MN	613	defund the police	39
Minot-Bismarck-Dickinson(Williston) ND	687	defund the police	28
Missoula MT	762	defund the police	34
Mobile AL-Pensacola (Ft. Walton Beach) FL	686	defund the police	27
Monroe LA-El Dorado AR	628	defund the police	28
Monterey-Salinas CA	828	defund the police	39
Montgomery (Selma) AL	698	defund the police	30
Nashville TN	659	defund the police	35
New Orleans LA	622	defund the police	30
New York NY	501	defund the police	36
Norfolk-Portsmouth-Newport News VA	544	defund the police	35
North Platte NE	740	defund the police	0
Odessa-Midland TX	633	defund the police	30
Oklahoma City OK	650	defund the police	27
Omaha NE	652	defund the police	32
Orlando-Daytona Beach-Melbourne FL	534	defund the police	32
Ottumwa IA-Kirksville MO	631	defund the police	31
Paducah KY-Cape Girardeau MO-Harrisburg-Mount Vernon IL	632	defund the police	35
Palm Springs CA	804	defund the police	42
Panama City FL	656	defund the police	33
Parkersburg WV	597	defund the police	36
Peoria-Bloomington IL	675	defund the police	42
Philadelphia PA	504	defund the police	39
Phoenix AZ	753	defund the police	35
Pittsburgh PA	508	defund the police	40
Portland OR	820	defund the police	36
Portland-Auburn ME	500	defund the police	37
Presque Isle ME	552	defund the police	0
Providence RI-New Bedford MA	521	defund the police	39
Quincy IL-Hannibal MO-Keokuk IA	717	defund the police	44
Raleigh-Durham (Fayetteville) NC	560	defund the police	36
Rapid City SD	764	defund the police	35
Reno NV	811	defund the police	36
Richmond-Petersburg VA	556	defund the police	38
Roanoke-Lynchburg VA	573	defund the police	25
Rochester MN-Mason City IA-Austin MN	611	defund the police	25
Rochester NY	538	defund the police	37
Rockford IL	610	defund the police	41
Sacramento-Stockton-Modesto CA	862	defund the police	36
Salisbury MD	576	defund the police	44
Salt Lake City UT	770	defund the police	35
San Angelo TX	661	defund the police	28
San Antonio TX	641	defund the police	31
San Diego CA	825	defund the police	33
San Francisco-Oakland-San Jose CA	807	defund the police	32
Santa Barbara-Santa Maria-San Luis Obispo CA	855	defund the police	37
Savannah GA	507	defund the police	36
Seattle-Tacoma WA	819	defund the police	41
Sherman TX-Ada OK	657	defund the police	16
Shreveport LA	612	defund the police	27
Sioux City IA	624	defund the police	25
Sioux Falls(Mitchell) SD	725	defund the police	29
South Bend-Elkhart IN	588	defund the police	39
Spokane WA	881	defund the police	41
Springfield MO	619	defund the police	34
Springfield-Holyoke MA	543	defund the police	42
St. Joseph MO	638	defund the police	31
St. Louis MO	609	defund the police	40
Syracuse NY	555	defund the police	37
Tallahassee FL-Thomasville GA	530	defund the police	30
Tampa-St. Petersburg (Sarasota) FL	539	defund the police	34
Terre Haute IN	581	defund the police	39
Toledo OH	547	defund the police	34
Topeka KS	605	defund the police	25
Traverse City-Cadillac MI	540	defund the police	47
Tri-Cities TN-VA	531	defund the police	32
Tucson (Sierra Vista) AZ	789	defund the police	35
Tulsa OK	671	defund the police	27
Twin Falls ID	760	defund the police	31
Tyler-Longview(Lufkin & Nacogdoches) TX	709	defund the police	33
Utica NY	526	defund the police	32
Victoria TX	626	defund the police	43
Waco-Temple-Bryan TX	625	defund the police	29
Washington DC (Hagerstown MD)	511	defund the police	36
Watertown NY	549	defund the police	31
Wausau-Rhinelander WI	705	defund the police	42
West Palm Beach-Ft. Pierce FL	548	defund the police	33
Wheeling WV-Steubenville OH	554	defund the police	36
Wichita Falls TX & Lawton OK	627	defund the police	31
Wichita-Hutchinson KS	678	defund the police	28
Wilkes Barre-Scranton PA	577	defund the police	41
Wilmington NC	550	defund the police	42
Yakima-Pasco-Richland-Kennewick WA	810	defund the police	41
Youngstown OH	536	defund the police	33
Yuma AZ-El Centro CA	771	defund the police	25
Zanesville OH	596	defund the police	0
Abilene-Sweetwater TX	662	police accountability	0
Albany GA	525	police accountability	0
Albany-Schenectady-Troy NY	532	police accountability	12
Albuquerque-Santa Fe NM	790	police accountability	8
Alexandria LA	644	police accountability	0
Alpena MI	583	police accountability	0
Amarillo TX	634	police accountability	0
Anchorage AK	743	police accountability	0
Atlanta GA	524	police accountability	6
Augusta GA	520	police accountability	6
Austin TX	635	police accountability	9
Bakersfield CA	800	police accountability	9
Baltimore MD	512	police accountability	27
Bangor ME	537	police accountability	0
Baton Rouge LA	716	police accountability	9
Beaumont-Port Arthur TX	692	police accountability	15
Bend OR	821	police accountability	0
Billings, MT	756	police accountability	18
Biloxi-Gulfport MS	746	police accountability	0
Binghamton NY	502	police accountability	0
Birmingham AL	630	police accountability	6
Bluefield-Beckley-Oak Hill WV	559	police accountability	0
Boise ID	757	police accountability	19
Boston MA-Manchester NH	506	police accountability	12
Bowling Green KY	736	police accountability	0
Buffalo NY	514	police accountability	12
Burlington VT-Plattsburgh NY	523	police accountability	11
Butte-Bozeman MT	754	police accountability	0
Casper-Riverton WY	767	police accountability	0
Cedar Rapids-Waterloo-Iowa City & Dubuque IA	637	police accountability	6
Champaign & Springfield-Decatur IL	648	police accountability	12
Charleston SC	519	police accountability	5
Charleston-Huntington WV	564	police accountability	6
Charlotte NC	517	police accountability	6
Charlottesville VA	584	police accountability	0
Chattanooga TN	575	police accountability	0
Cheyenne WY-Scottsbluff NE	759	police accountability	0
Chicago IL	602	police accountability	25
Chico-Redding CA	868	police accountability	10
Cincinnati OH	515	police accountability	6
Clarksburg-Weston WV	598	police accountability	0
Cleveland-Akron (Canton) OH	510	police accountability	6
Colorado Springs-Pueblo CO	752	police accountability	17
Columbia SC	546	police accountability	10
Columbia-Jefferson City MO	604	police accountability	13
Columbus GA	522	police accountability	0
Columbus OH	535	police accountability	8
Columbus-Tupelo-West Point MS	673	police accountability	0
Corpus Christi TX	600	police accountability	0
Dallas-Ft. Worth TX	623	police accountability	7
Davenport IA-Rock Island-Moline IL	682	police accountability	10
Dayton OH	542	police accountability	9
Denver CO	751	police accountability	13
Des Moines-Ames IA	679	police accountability	4
Detroit MI	505	police accountability	6
Dothan AL	606	police accountability	0
Duluth MN-Superior WI	676	police accountability	0
El Paso TX	765	police accountability	8
Elmira NY	565	police accountability	0
Erie PA	516	police accountability	0
Eugene OR	801	police accountability	8
Eureka CA	802	police accountability	0
Evansville IN	649	police accountability	0
Fairbanks AK	745	police accountability	0
Fargo-Valley City ND	724	police accountability	9
Flint-Saginaw-Bay City MI	513	police accountability	5
Florence-Myrtle Beach SC	570	police accountability	6
Fresno-Visalia CA	866	police accountability	7
Ft. Myers-Naples FL	571	police accountability	5
Ft. Smith-Fayetteville-Springdale-Rogers AR	670	police accountability	5
Ft. Wayne IN	509	police accountability	0
Gainesville FL	592	police accountability	0
Glendive MT	798	police accountability	0
Grand Junction-Montrose CO	773	police accountability	0
Grand Rapids-Kalamazoo-Battle Creek MI	563	police accountability	5
Great Falls MT	755	police accountability	0
Green Bay-Appleton WI	658	police accountability	6
Greensboro-High Point-Winston Salem NC	518	police accountability	8
Greenville-New Bern-Washington NC	545	police accountability	6
Greenville-Spartanburg SC-Asheville NC-Anderson SC	567	police accountability	4
Greenwood-Greenville MS	647	police accountability	0
Harlingen-Weslaco-Brownsville-McAllen TX	636	police accountability	10
Harrisburg-Lancaster-Lebanon-York PA	566	police accountability	7
Harrisonburg VA	569	police accountability	0
Hartford & New Haven CT	533	police accountability	69
Hattiesburg-Laurel MS	710	police accountability	0
Helena MT	766	police accountability	0
Honolulu HI	744	police accountability	6
Houston TX	618	police accountability	5
Huntsville-Decatur (Florence) AL	691	police accountability	6
Idaho Falls-Pocatello ID	758	police accountability	0
Indianapolis IN	527	police accountability	7
Jackson MS	718	police accountability	0
Jackson TN	639	police accountability	0
Jacksonville FL	561	police accountability	6
Johnstown-Altoona PA	574	police accountability	9
Jonesboro AR	734	police accountability	0
Joplin MO-Pittsburg KS	603	police accountability	0
Juneau AK	747	police accountability	0
Kansas City MO	616	police accountability	7
Knoxville TN	557	police accountability	5
La Crosse-Eau Claire WI	702	police accountability	0
Lafayette IN	582	police accountability	0
Lafayette LA	642	police accountability	0
Lake Charles LA	643	police accountability	0
Lansing MI	551	police accountability	11
Laredo TX	749	police accountability	0
Las Vegas NV	839	police accountability	7
Lexington KY	541	police accountability	5
Lima OH	558	police accountability	0
Lincoln & Hastings-Kearney NE	722	police accountability	0
Little Rock-Pine Bluff AR	693	police accountability	5
Los Angeles CA	803	police accountability	7
Louisville KY	529	police accountability	8
Lubbock TX	651	police accountability	0
Macon GA	503	police accountability	0
Madison WI	669	police accountability	11
Mankato MN	737	police accountability	0
Marquette MI	553	police accountability	0
Medford-Klamath Falls OR	813	police accountability	0
Memphis TN	640	police accountability	6
Meridian MS	711	police accountability	0
Miami-Ft. Lauderdale FL	528	police accountability	5
Milwaukee WI	617	police accountability	8
Minneapolis-St. Paul MN	613	police accountability	10
Minot-Bismarck-Dickinson(Williston) ND	687	police accountability	0
Missoula MT	762	police accountability	0
Mobile AL-Pensacola (Ft. Walton Beach) FL	686	police accountability	5
Monroe LA-El Dorado AR	628	police accountability	0
Monterey-Salinas CA	828	police accountability	10
Montgomery (Selma) AL	698	police accountability	0
Nashville TN	659	police accountability	5
New Orleans LA	622	police accountability	7
New York NY	501	police accountability	10
Norfolk-Portsmouth-Newport News VA	544	police accountability	8
North Platte NE	740	police accountability	0
Odessa-Midland TX	633	police accountability	0
Oklahoma City OK	650	police accountability	6
Omaha NE	652	police accountability	6
Orlando-Daytona Beach-Melbourne FL	534	police accountability	6
Ottumwa IA-Kirksville MO	631	police accountability	0
Paducah KY-Cape Girardeau MO-Harrisburg-Mount Vernon IL	632	police accountability	7
Palm Springs CA	804	police accountability	0
Panama City FL	656	police accountability	0
Parkersburg WV	597	police accountability	0
Peoria-Bloomington IL	675	police accountability	9
Philadelphia PA	504	police accountability	9
Phoenix AZ	753	police accountability	10
Pittsburgh PA	508	police accountability	17
Portland OR	820	police accountability	12
Portland-Auburn ME	500	police accountability	6
Presque Isle ME	552	police accountability	0
Providence RI-New Bedford MA	521	police accountability	10
Quincy IL-Hannibal MO-Keokuk IA	717	police accountability	0
Raleigh-Durham (Fayetteville) NC	560	police accountability	10
Rapid City SD	764	police accountability	0
Reno NV	811	police accountability	8
Richmond-Petersburg VA	556	police accountability	10
Roanoke-Lynchburg VA	573	police accountability	7
Rochester MN-Mason City IA-Austin MN	611	police accountability	0
Rochester NY	538	police accountability	100
Rockford IL	610	police accountability	0
Sacramento-Stockton-Modesto CA	862	police accountability	12
Salisbury MD	576	police accountability	21
Salt Lake City UT	770	police accountability	6
San Angelo TX	661	police accountability	0
San Antonio TX	641	police accountability	8
San Diego CA	825	police accountability	7
San Francisco-Oakland-San Jose CA	807	police accountability	17
Santa Barbara-Santa Maria-San Luis Obispo CA	855	police accountability	8
Savannah GA	507	police accountability	4
Seattle-Tacoma WA	819	police accountability	28
Sherman TX-Ada OK	657	police accountability	0
Shreveport LA	612	police accountability	9
Sioux City IA	624	police accountability	0
Sioux Falls(Mitchell) SD	725	police accountability	0
South Bend-Elkhart IN	588	police accountability	17
Spokane WA	881	police accountability	13
Springfield MO	619	police accountability	9
Springfield-Holyoke MA	543	police accountability	15
St. Joseph MO	638	police accountability	0
St. Louis MO	609	police accountability	7
Syracuse NY	555	police accountability	16
Tallahassee FL-Thomasville GA	530	police accountability	11
Tampa-St. Petersburg (Sarasota) FL	539	police accountability	5
Terre Haute IN	581	police accountability	0
Toledo OH	547	police accountability	6
Topeka KS	605	police accountability	0
Traverse City-Cadillac MI	540	police accountability	9
Tri-Cities TN-VA	531	police accountability	0
Tucson (Sierra Vista) AZ	789	police accountability	12
Tulsa OK	671	police accountability	4
Twin Falls ID	760	police accountability	0
Tyler-Longview(Lufkin & Nacogdoches) TX	709	police accountability	0
Utica NY	526	police accountability	25
Victoria TX	626	police accountability	0
Waco-Temple-Bryan TX	625	police accountability	7
Washington DC (Hagerstown MD)	511	police accountability	17
Watertown NY	549	police accountability	0
Wausau-Rhinelander WI	705	police accountability	0
West Palm Beach-Ft. Pierce FL	548	police accountability	6
Wheeling WV-Steubenville OH	554	police accountability	0
Wichita Falls TX & Lawton OK	627	police accountability	0
Wichita-Hutchinson KS	678	police accountability	4
Wilkes Barre-Scranton PA	577	police accountability	6
Wilmington NC	550	police accountability	9
Yakima-Pasco-Richland-Kennewick WA	810	police accountability	10
Youngstown OH	536	police accountability	0
Yuma AZ-El Centro CA	771	police accountability	0
Zanesville OH	596	police accountability	0
Abilene-Sweetwater TX	662	police reform	18
Albany GA	525	police reform	42
Albany-Schenectady-Troy NY	532	police reform	76
Albuquerque-Santa Fe NM	790	police reform	43
Alexandria LA	644	police reform	27
Alpena MI	583	police reform	0
Amarillo TX	634	police reform	34
Anchorage AK	743	police reform	21
Atlanta GA	524	police reform	34
Augusta GA	520	police reform	29
Austin TX	635	police reform	36
Bakersfield CA	800	police reform	36
Baltimore MD	512	police reform	65
Bangor ME	537	police reform	31
Baton Rouge LA	716	police reform	39
Beaumont-Port Arthur TX	692	police reform	32
Bend OR	821	police reform	35
Billings, MT	756	police reform	27
Biloxi-Gulfport MS	746	police reform	40
Binghamton NY	502	police reform	68
Birmingham AL	630	police reform	45
Bluefield-Beckley-Oak Hill WV	559	police reform	27
Boise ID	757	police reform	31
Boston MA-Manchester NH	506	police reform	82
Bowling Green KY	736	police reform	0
Buffalo NY	514	police reform	49
Burlington VT-Plattsburgh NY	523	police reform	48
Butte-Bozeman MT	754	police reform	42
Casper-Riverton WY	767	police reform	39
Cedar Rapids-Waterloo-Iowa City & Dubuque IA	637	police reform	37
Champaign & Springfield-Decatur IL	648	police reform	100
Charleston SC	519	police reform	34
Charleston-Huntington WV	564	police reform	30
Charlotte NC	517	police reform	31
Charlottesville VA	584	police reform	53
Chattanooga TN	575	police reform	24
Cheyenne WY-Scottsbluff NE	759	police reform	0
Chicago IL	602	police reform	58
Chico-Redding CA	868	police reform	46
Cincinnati OH	515	police reform	34
Clarksburg-Weston WV	598	police reform	35
Cleveland-Akron (Canton) OH	510	police reform	37
Colorado Springs-Pueblo CO	752	police reform	51
Columbia SC	546	police reform	36
Columbia-Jefferson City MO	604	police reform	46
Columbus GA	522	police reform	42
Columbus OH	535	police reform	42
Columbus-Tupelo-West Point MS	673	police reform	42
Corpus Christi TX	600	police reform	33
Dallas-Ft. Worth TX	623	police reform	28
Davenport IA-Rock Island-Moline IL	682	police reform	67
Dayton OH	542	police reform	45
Denver CO	751	police reform	47
Des Moines-Ames IA	679	police reform	30
Detroit MI	505	police reform	36
Dothan AL	606	police reform	24
Duluth MN-Superior WI	676	police reform	43
El Paso TX	765	police reform	39
Elmira NY	565	police reform	64
Erie PA	516	police reform	47
Eugene OR	801	police reform	45
Eureka CA	802	police reform	27
Evansville IN	649	police reform	33
Fairbanks AK	745	police reform	0
Fargo-Valley City ND	724	police reform	32
Flint-Saginaw-Bay City MI	513	police reform	30
Florence-Myrtle Beach SC	570	police reform	26
Fresno-Visalia CA	866	police reform	44
Ft. Myers-Naples FL	571	police reform	32
Ft. Smith-Fayetteville-Springdale-Rogers AR	670	police reform	28
Ft. Wayne IN	509	police reform	35
Gainesville FL	592	police reform	43
Glendive MT	798	police reform	0
Grand Junction-Montrose CO	773	police reform	42
Grand Rapids-Kalamazoo-Battle Creek MI	563	police reform	33
Great Falls MT	755	police reform	0
Green Bay-Appleton WI	658	police reform	30
Greensboro-High Point-Winston Salem NC	518	police reform	38
Greenville-New Bern-Washington NC	545	police reform	31
Greenville-Spartanburg SC-Asheville NC-Anderson SC	567	police reform	38
Greenwood-Greenville MS	647	police reform	0
Harlingen-Weslaco-Brownsville-McAllen TX	636	police reform	32
Harrisburg-Lancaster-Lebanon-York PA	566	police reform	38
Harrisonburg VA	569	police reform	60
Hartford & New Haven CT	533	police reform	68
Hattiesburg-Laurel MS	710	police reform	24
Helena MT	766	police reform	0
Honolulu HI	744	police reform	26
Houston TX	618	police reform	32
Huntsville-Decatur (Florence) AL	691	police reform	34
Idaho Falls-Pocatello ID	758	police reform	23
Indianapolis IN	527	police reform	37
Jackson MS	718	police reform	25
Jackson TN	639	police reform	31
Jacksonville FL	561	police reform	41
Johnstown-Altoona PA	574	police reform	39
Jonesboro AR	734	police reform	34
Joplin MO-Pittsburg KS	603	police reform	37
Juneau AK	747	police reform	0
Kansas City MO	616	police reform	35
Knoxville TN	557	police reform	25
La Crosse-Eau Claire WI	702	police reform	35
Lafayette IN	582	police reform	59
Lafayette LA	642	police reform	27
Lake Charles LA	643	police reform	34
Lansing MI	551	police reform	43
Laredo TX	749	police reform	43
Las Vegas NV	839	police reform	32
Lexington KY	541	police reform	33
Lima OH	558	police reform	0
Lincoln & Hastings-Kearney NE	722	police reform	25
Little Rock-Pine Bluff AR	693	police reform	26
Los Angeles CA	803	police reform	38
Louisville KY	529	police reform	31
Lubbock TX	651	police reform	21
Macon GA	503	police reform	38
Madison WI	669	police reform	36
Mankato MN	737	police reform	42
Marquette MI	553	police reform	29
Medford-Klamath Falls OR	813	police reform	39
Memphis TN	640	police reform	34
Meridian MS	711	police reform	0
Miami-Ft. Lauderdale FL	528	police reform	33
Milwaukee WI	617	police reform	38
Minneapolis-St. Paul MN	613	police reform	52
Minot-Bismarck-Dickinson(Williston) ND	687	police reform	28
Missoula MT	762	police reform	21
Mobile AL-Pensacola (Ft. Walton Beach) FL	686	police reform	26
Monroe LA-El Dorado AR	628	police reform	35
Monterey-Salinas CA	828	police reform	50
Montgomery (Selma) AL	698	police reform	39
Nashville TN	659	police reform	31
New Orleans LA	622	police reform	34
New York NY	501	police reform	55
Norfolk-Portsmouth-Newport News VA	544	police reform	41
North Platte NE	740	police reform	0
Odessa-Midland TX	633	police reform	31
Oklahoma City OK	650	police reform	30
Omaha NE	652	police reform	29
Orlando-Daytona Beach-Melbourne FL	534	police reform	29
Ottumwa IA-Kirksville MO	631	police reform	0
Paducah KY-Cape Girardeau MO-Harrisburg-Mount Vernon IL	632	police reform	50
Palm Springs CA	804	police reform	33
Panama City FL	656	police reform	28
Parkersburg WV	597	police reform	0
Peoria-Bloomington IL	675	police reform	97
Philadelphia PA	504	police reform	41
Phoenix AZ	753	police reform	35
Pittsburgh PA	508	police reform	38
Portland OR	820	police reform	46
Portland-Auburn ME	500	police reform	36
Presque Isle ME	552	police reform	0
Providence RI-New Bedford MA	521	police reform	56
Quincy IL-Hannibal MO-Keokuk IA	717	police reform	95
Raleigh-Durham (Fayetteville) NC	560	police reform	39
Rapid City SD	764	police reform	21
Reno NV	811	police reform	38
Richmond-Petersburg VA	556	police reform	46
Roanoke-Lynchburg VA	573	police reform	29
Rochester MN-Mason City IA-Austin MN	611	police reform	31
Rochester NY	538	police reform	46
Rockford IL	610	police reform	88
Sacramento-Stockton-Modesto CA	862	police reform	46
Salisbury MD	576	police reform	51
Salt Lake City UT	770	police reform	36
San Angelo TX	661	police reform	29
San Antonio TX	641	police reform	33
San Diego CA	825	police reform	38
San Francisco-Oakland-San Jose CA	807	police reform	37
Santa Barbara-Santa Maria-San Luis Obispo CA	855	police reform	40
Savannah GA	507	police reform	38
Seattle-Tacoma WA	819	police reform	52
Sherman TX-Ada OK	657	police reform	30
Shreveport LA	612	police reform	31
Sioux City IA	624	police reform	26
Sioux Falls(Mitchell) SD	725	police reform	27
South Bend-Elkhart IN	588	police reform	32
Spokane WA	881	police reform	51
Springfield MO	619	police reform	34
Springfield-Holyoke MA	543	police reform	86
St. Joseph MO	638	police reform	0
St. Louis MO	609	police reform	44
Syracuse NY	555	police reform	72
Tallahassee FL-Thomasville GA	530	police reform	50
Tampa-St. Petersburg (Sarasota) FL	539	police reform	31
Terre Haute IN	581	police reform	42
Toledo OH	547	police reform	33
Topeka KS	605	police reform	40
Traverse City-Cadillac MI	540	police reform	31
Tri-Cities TN-VA	531	police reform	29
Tucson (Sierra Vista) AZ	789	police reform	35
Tulsa OK	671	police reform	27
Twin Falls ID	760	police reform	0
Tyler-Longview(Lufkin & Nacogdoches) TX	709	police reform	35
Utica NY	526	police reform	64
Victoria TX	626	police reform	0
Waco-Temple-Bryan TX	625	police reform	34
Washington DC (Hagerstown MD)	511	police reform	70
Watertown NY	549	police reform	63
Wausau-Rhinelander WI	705	police reform	30
West Palm Beach-Ft. Pierce FL	548	police reform	34
Wheeling WV-Steubenville OH	554	police reform	21
Wichita Falls TX & Lawton OK	627	police reform	27
Wichita-Hutchinson KS	678	police reform	28
Wilkes Barre-Scranton PA	577	police reform	38
Wilmington NC	550	police reform	34
Yakima-Pasco-Richland-Kennewick WA	810	police reform	49
Youngstown OH	536	police reform	35
Yuma AZ-El Centro CA	771	police reform	36
Zanesville OH	596	police reform	0
